-- USERS(20) : `skillboxdb`.`user` -- 

INSERT INTO `skillboxdb`.`user`(`user_id`, `registration_time`, `login`, `password_hash`, `email`, `date_of_birth`, `metadata`, `is_active`, `registration_type`, `first_name`, `last_name`) VALUES
	('6548', '2019-03-26 14:26:28', 'addas_6548', '41df192e65c022997ae6392ef98c8f7819364501d96369cc7e9a1f5b966a0c9873baef5259872837b9a4e201b46c119a133cb91f931d9e8525115753db4a36e6', 'addas@hotmail.com', '1991-09-22', '{"posts_per_page": 50, "default_theme": "dark", "notifications": "all"}', '1', 'facebook', 'Brittney', 'Josiah'),
	('6552', '2020-04-18 14:26:28', 'kliopth_6552', '83497c932b8603a06ba5744053c321cee4f6deefaf9b2eb9492257703ad87e86d4301f9dc6314faa16dafaf42279090ffaf1c2229fc942fbea24f5617d70cb85', 'kliopth@gmail.com', '1926-03-17', '{"posts_per_page": 25, "default_theme": "dark", "notifications": "important_only"}', '1', 'facebook', 'Phaedra', 'Costanza'),
	('6562', '2019-09-23 14:26:28', 'financier_6562', '86605c1ae328ffece1a8d692b4c21992adde0efc78b58d478f5a9c76c8b149da3baf2df7b2ae14769fda8084a56642f4dd6f8e46763ffbd77947dc302f16a586', 'financier@hotmail.com', '1970-07-21', '{"posts_per_page": 100, "default_theme": "dark", "notifications": "important_only"}', '1', 'vk', 'Devonne', 'Aggie'),
	('6570', '2020-07-08 14:26:28', 'godolphin_6570', '9a22292d02c05fde479bc23738d059530ae33305891d678b3b36fa5df8388b6840d3937018021136fce7aaf4fec5b6e6c5eef7afd66ae63c091f7a2d81f9bd36', 'godolphin@yahoo.com', '1928-06-23', '{"posts_per_page": 100, "default_theme": "blue", "notifications": "important_only"}', '0', 'facebook', 'Vivian', 'Loretta'),
	('6571', '2018-10-10 14:26:28', 'peter.bacon1_6571', '691c23c832a28a12863d29df4ca0a75809ab8f21bf0c1bc268391263e0d44f06882f9f7a3a80e4143286db10d705775b699f32f0a0a63ffd572785c5027d5d0a', 'peter.bacon1@hotmail.com', '1939-10-19', '{"posts_per_page": 10, "default_theme": "light", "notifications": "all"}', '1', 'google', 'Mary-pat', 'Fouad'),
	('6580', '2018-01-24 14:26:28', 'rhediger_6580', 'dc40c2dfd1b445592355cd8d4386bdbf1859e21605d0bd2c4a931dcbaf8e4676cf7668235070c82234372ad7859a4fa1867401c746390e21e1b417397e89ca96', 'rhediger@gmail.com', '1980-01-04', '{"posts_per_page": 50, "default_theme": "light", "notifications": "disabled"}', '1', 'google', 'Mckayla', 'Briana'),
	('6588', '2018-07-22 14:26:28', 'Blank_6588', 'e68ca95d4fcd831dde57e4180aa62793f630d471b9a090b28463ed3380f3362dc271b7e68c39e543abadfd29e903d81853985012be6b0c3a20fbff70660caccf', 'Blank@yahoo.com', '1966-11-10', '{"posts_per_page": 25, "default_theme": "blue", "notifications": "disabled"}', '0', 'facebook', 'Ethen', 'Yu-hung'),
	('6591', '2018-08-28 14:26:28', 'stuart2_6591', '3c2064226eff446fbb537f8ab7f86c24e5237506d6b0eaa5285d01ac547122e3947a137f49280361c970f88e844b0bb4d99035168f7ee41d8ab4eb182f36d0ec', 'stuart2@outlook.com', '1984-07-27', '{"posts_per_page": 25, "default_theme": "blue", "notifications": "all"}', '1', 'vk', 'Mercie', 'Genny'),
	('6600', '2019-04-23 14:26:28', 'curtner_6600', 'd3ef3dd546f8b473503900669e07065948d08020c082b9bbe1eba3cf5db88bbc907b7467c5146e3f863e9b47b7df73104330c4ec8e15fedb72ca8f70994f0dc3', 'curtner@yahoo.com', '1927-04-23', '{"posts_per_page": 10, "default_theme": "blue", "notifications": "important_only"}', '1', 'facebook', 'Cleveland', 'Merci'),
	('6602', '2019-12-06 14:26:28', 'overhere_6602', 'bc13dd974be7e096b8626dc2f8ede566988f035f7d28bd848c0d731e560871e9db85b6c8aeaafd6d8c259da8977af2af07127bb09b9cd3544dd2d57206841730', 'overhere@hotmail.com', '1971-04-12', '{"posts_per_page": 50, "default_theme": "light", "notifications": "all"}', '1', 'google', 'Kaylin', 'Mag'),
	('6610', '2019-12-14 14:26:28', 'DogBreath_6610', '478cbf697dbc7c166f19665698b03f023321dca0c93788a834b438c010e6442b3eb8addb8127f256adc26f28de5f26f7c25dd94f74a28e8049a0a711a6482407', 'DogBreath@gmail.com', '1980-05-27', '{"posts_per_page": 25, "default_theme": "blue", "notifications": "disabled"}', '0', 'google', 'Sadhbh', 'Joseph'),
	('6611', '2020-04-18 14:26:28', 'apalacio_6611', '3c255b6b7dbd48ff02f8e2a67662bbc0af765111b554436197813e6293b19731786d0d80d3e5a3e58d9846799dc811faf1ac9efb3041cd9581be0e24e34a1267', 'apalacio@yahoo.com', '1952-10-17', '{"posts_per_page": 25, "default_theme": "dark", "notifications": "all"}', '0', 'email', 'Atl-sales', 'Nikolai'),
	('6619', '2020-02-25 14:26:28', 'collier_6619', '401f576aa208067b2679a7037ef9ce60e472584eb5f249b5b9f5d082db79be90885eba7e468ebf3633e3d85187c31f6f7a414324a6897fd1db127e630bef2d04', 'collier@hotmail.com', '1923-10-17', '{"posts_per_page": 25, "default_theme": "light", "notifications": "all"}', '0', 'facebook', 'Celeste', 'Cambria'),
	('6628', '2019-12-19 14:26:28', 'svetlana_kytyzov_6628', '7bc4524bbd77c2290c308a2c108a52c194c28fc65c9d9a7e87f21adb32ae0e79e7e3beedd10ea86d0077e6b4914700bf2c4745ae7ff8088eef8b0a3f8ba6b7e5', 'svetlana_kytyzov@gmail.com', '1990-03-20', '{"posts_per_page": 100, "default_theme": "light", "notifications": "disabled"}', '1', 'email', 'Finley', 'Burton'),
	('6631', '2019-10-07 14:26:28', 'kidsteve_6631', '9e65587472dc3cc5917a5fa27406acf4ca757b7fef51679443f9957a449c1bb3f9afa32d62616700fe0384df2a8fad5077830a340b2a8877952184b9364372a9', 'kidsteve@outlook.com', '1921-07-30', '{"posts_per_page": 10, "default_theme": "dark", "notifications": "disabled"}', '1', 'facebook', 'Meghann', 'Ashok'),
	('6634', '2020-06-05 14:26:28', 'muzik_6634', 'eeaf255698e95b36a66e70a0f3c9a97214887fbfa86530b913a36eb9066492882969591ac29aa1b3747355fc03d48622b2f2ab05d0cdc2c6e7bbac0570b2e940', 'muzik@yahoo.com', '1971-03-25', '{"posts_per_page": 25, "default_theme": "dark", "notifications": "important_only"}', '1', 'vk', 'Nihal', 'France'),
	('6643', '2018-07-05 14:26:28', 'Hobo_6643', '75197a162d41a655ea8b68bce8208f647ffbb3ee21e3df71c732fdb6f7756f911714740b6ce32df136cd99bb0b147a3d0d7f999c8457d694170f2a7c92723afa', 'Hobo@outlook.com', '1972-10-20', '{"posts_per_page": 100, "default_theme": "light", "notifications": "all"}', '1', 'google', 'Thomasin', 'Bernette'),
	('6653', '2019-07-07 14:26:28', 'Metheebee_6653', 'b7474d15a0373caa317c01512b098874cb6b56a46fad0224c7e338c4e6ea60a2e40f837c9efbdeb58fe568703c10b38a9c8dd59defbc2df02bf18a8600a9aa94', 'Metheebee@gmail.com', '1971-12-16', '{"posts_per_page": 10, "default_theme": "blue", "notifications": "disabled"}', '0', 'vk', 'Edyta', 'Dorey'),
	('6661', '2019-08-19 14:26:28', 'Piedmont_6661', '25cac330b6997835883c208c85f7b2dc283a45ec52d18a4f34effd7b1b361aa211a17f0fe1498a6bfafa188907b27c35500c53acbdf0fed48849e8b61727c95b', 'Piedmont@hotmail.com', '1984-03-29', '{"posts_per_page": 100, "default_theme": "dark", "notifications": "all"}', '1', 'vk', 'Caryl', 'Kingston'),
	('6663', '2020-05-28 14:26:28', 'verygood_6663', '9382564b0af2ed3d3bc236b941e363ac34f6fccc540b77a05a7b1f29cd754dd21fd54dc7a53704ddd480bc27cf2e03eebb4342f769e72f265e4fe948dbb51788', 'verygood@yahoo.com', '1964-05-24', '{"posts_per_page": 100, "default_theme": "blue", "notifications": "all"}', '1', 'vk', 'Adella', 'Ismail');


-- GROUPS(2) : `skillboxdb`.`discussion_group` -- 

INSERT INTO `skillboxdb`.`discussion_group`(`group_id`, `creation_time`, `name`, `description`, `group_tags`, `admin_user_id`, `approve_required`) VALUES
	('288822', '2018-10-06 14:26:28', 'ninos 2719 xixona', 'hrs ob 5140 1-livraison', '["13819", "adv"]', '6611', '1'),
	('288827', '2018-01-14 14:26:28', 'bronze zsa2', 'mirage Intuition FIREWORKS bypass preston 1624', '["PNG", "evalchecki", "addprod", "logotipos", "rubrik2"]', '6580', '1');


-- POSTS(10) : `skillboxdb`.`user_group_post` -- 

INSERT INTO `skillboxdb`.`user_group_post`(`post_id`, `user_id`, `group_id`, `creation_time`, `post_text`, `post_type`) VALUES
	('968586', '6570', '288822', '2018-12-06 14:26:28', 'pagina 6066 CMSHelp', 'pinned'),
	('968593', '6570', '288822', '2020-05-30 14:26:28', 'bedroom springboard 4369 accdb stack e107 11422 1868 ceb', 'pinned'),
	('968597', '6570', '288822', '2019-05-11 14:26:28', 'internal_error phplibs mpg esfigueral Windows vg_help DiedInYear 3192 -maria-lund-45906 Healthcare optispider Tallahassee roller NICErsPRO text-only 4400 1257 sistem burlington gamme whois2 eastenders dealeraccess SMI', 'default'),
	('968606', '6570', '288822', '2018-09-16 14:26:28', 'Ocean good video_test passe2 prevent sap rimages leech_out reportajes zobrazeni 8555 SendMail ajax_select ignore_user patientsafety childrens csa crimes 11941', 'special'),
	('968616', '6653', '288827', '2019-12-24 14:26:28', 'wp-plugins valverde 7164 Org seal num upgrade 5868 pollstart events-by-date wv3 Connections phptemp webrings 1957 puertosagunto np2 CGI-BIN custinfo diffs siteMap DB_Backup freizeit Digital preferences sagepay biking 10443 COMPANY', 'special'),
	('968622', '6653', '288827', '2018-06-21 14:26:28', '0020 Transactions indeximages rapita cbc masinfo htmlmail php_thumb User_Admin flp ajadfgdfgdx BookingV3 B2 cfe 10042 _menueditor event_cal quickpay pwtest Wine freehosting 6036 6582 d11 get_map lider trace cleveland payment_form temppages user_reg travelmate tiere 5697 webcast ahs new_step_2 inactive', 'default'),
	('968627', '6580', '288822', '2019-11-02 14:26:28', 'epr komentare maerkte ktf Javascripts fma', 'pinned'),
	('968635', '6580', '288822', '2018-02-26 14:26:28', 'jsvar bh-gb similar smallbiz quickbooks order_service 14515 UserPage ankiety qq partnerki html_mail France survivor', 'pinned'),
	('968638', '6580', '288822', '2019-11-05 14:26:28', 'c_8 Graph Espanol RequestForm blogparts archive_f2 xwb thelab search_home newacctform itunesu facstaff mindex kAdmin 10411 open_contact mobile4 robot userforms muro bsc EventHandler stat_details cancel_f2 vspfiles Sources strato ccp51 computers recommends', 'pinned'),
	('968644', '6611', '288822', '2018-08-24 14:26:28', 'vbb3 mission2 dale kexue RSSFeed login_admin pShipPrv villablanca', 'pinned'),
	('968654', '6611', '288822', '2020-06-27 14:26:28', 'comparator editlist 2245 emails jtest x1 esempi sdk ext2 mu-gb rb 4450 terminal testemail zj forgotpasswd 14300 not-available 1182 oldforums', 'default'),
	('968659', '6611', '288822', '2020-07-06 14:26:28', 'turtle 4379 skyline 1937 png-fix Uploadfiles zj randiparty prod2 xgo ordstatus _Img a2z rankchecker allsport esther index_preview', 'special'),
	('968660', '6611', '288822', '2019-06-06 14:26:28', 'trackorder tarzan minisiti disp textads tongji 13985 ASPSpellCheck almayate enq 5698 preowned face secret 5973 mailblasts thankyou3 2364 OriginalArt Zamowienie 815 slovakia lastminute index-video 1012 admin_rotator poll_process prep proizvodstvo cerror benisa studentlife venezuela trace', 'pinned'),
	('968661', '6611', '288822', '2019-02-27 14:26:28', '6919 tracks tion editor Best jurisdictions MCMS FRA revelation Abuse soundtrack webcal cinema-releases Mission rsa V calendarexpress pechati machines lac', 'default'),
	('968662', '6610', '288827', '2019-06-13 14:26:28', 'send_request attrezzature sales_comment 4241 semaine WebSite epm 2415 shipworks 1254 sitemap-gen frame_set sitemapgenerator 335 pol dc1 sport-videos bulkemail appcode TestMail AddNewUser Tallahassee App_Date TemplateImages Video vnc OrderHistory foros 0106 presets iron breakfast simages best-sellers event_search junk-directory searchword penlaces pussy they', 'pinned'),
	('968671', '6661', '288822', '2018-12-21 14:26:28', 'LM abe 2087 timbuk2 ebusiness PHPtest auditor 12549 evalform 13976 narejos redazione confirm2 custom_controls escapadas', 'default'),
	('968674', '6661', '288822', '2018-06-23 14:26:28', 'Credit-Cards vieworderprint soldes timecard ajaxdata durgapuja categorie Syndicate wilson pw adauga edit_password se-gb addfaq toulouse', 'pinned'),
	('968678', '6562', '288822', '2020-02-18 14:26:28', 'Baustelle 200609 10638 pdc adminscripts thestore wpanswers wishing filebin admin_paylog managebox validar usato images_sales ov adminui 13600 pos de-DE sellers Fireworks business-news copy 1466', 'special'),
	('968688', '6562', '288822', '2018-08-09 14:26:28', 'mantenimiento lyb 5451 Photos5 search_new', 'pinned'),
	('968689', '6562', '288822', '2020-06-03 14:26:28', 'sge geeklog learning 4196 4691 comment_reply ffr_cart pimages chinook virtual-tour seo-company supp mediatheque 5261 14265 send-a-note send-mail customErrors markitup se worksheet Cart exam INTERSHOP get-answers Why CHS getpwd', 'default'),
	('968694', '6562', '288822', '2019-04-07 14:26:28', 'guest_book ffm TEMPLATES banman', 'pinned'),
	('968701', '6562', '288822', '2020-03-16 14:26:28', 'executive-team AfcMediaLibrary bird makepayment my-components ERROR baja Austria tablas pl_PL order-error Partner-Portal muroalcoy espectaculos Nsearch birthday_popup 12937 managers 4444 HolidaySaving exploration download_private addcart jpegs 6797 Invalid santapola', 'default');


-- GROUP_JOIN_TABLE(10) : `skillboxdb`.`users_to_discussion_groups` -- 

INSERT INTO `skillboxdb`.`users_to_discussion_groups`(`user_id`, `group_id`, `joined_time`, `approved`, `approved_time`) VALUES
	('6580', '288822', '2020-04-20 14:26:28', '1', '2020-07-22 14:26:28'),
	('6580', '288822', '2018-12-23 14:26:28', '0', 'NULL'),
	('6562', '288822', '2018-04-16 14:26:28', '1', '2020-06-26 14:26:28'),
	('6610', '288827', '2018-04-09 14:26:28', '1', '2020-08-30 14:26:28'),
	('6611', '288822', '2019-04-29 14:26:28', '1', '2020-07-26 14:26:28'),
	('6661', '288822', '2018-08-21 14:26:28', '1', '2020-07-23 14:26:28'),
	('6548', '288827', '2018-04-28 14:26:28', '0', 'NULL'),
	('6653', '288827', '2019-11-08 14:26:28', '1', '2020-08-30 14:26:28'),
	('6588', '288827', '2019-12-01 14:26:28', '0', 'NULL'),
	('6570', '288822', '2018-02-03 14:26:28', '1', '2020-08-05 14:26:28');


-- MESSAGES_TABLE(40) : `skillboxdb`.`user_private_message` -- 

INSERT INTO `skillboxdb`.`user_private_message`(`message_id`, `user_from_id`, `user_to_id`, `send_time`, `is_read`, `read_time`, `message_text`) VALUES
	('6457784', '6562', '6548', '2020-05-22 14:26:28', '1', '2020-06-11 14:26:28', 'ics gloss cuidadquesada onclick 7187 6309 png elc cabinet'),
	('6457787', '6600', '6661', '2020-05-21 14:26:28', '1', '2020-06-23 14:26:28', '8303 dxbl gotopage h2-h3 3697 1209 june-2010 schemi 559 liveagent eedition IO p78'),
	('6457794', '6591', '6610', '2020-06-06 14:26:28', '1', '2020-06-16 14:26:28', 'taf chambers cz nicEdit tnw OLD_FILES tv2a ecms nav_basket music-reviews zurich frigiliana value freedownload'),
	('6457802', '6611', '6643', '2020-05-22 14:26:28', '1', '2020-06-09 14:26:28', 'signals 964 2945 data-protection'),
	('6457809', '6653', '6661', '2020-05-25 14:26:28', '1', '2020-06-16 14:26:28', 'substitute fry_include processupload sloth_webmaster'),
	('6457817', '6588', '6611', '2020-06-03 14:26:28', '0', 'NULL', 'in-ban-tin seite_11 6827 cll extender site_img tars 13780 Panther denuncia-publica Punjabi browsersync'),
	('6457822', '6588', '6552', '2020-05-25 14:26:28', '1', '2020-06-25 14:26:28', 'amer briefings 7663 armilla RES 978 forgot_pass OldStuff products_import Pratique signatur revive aspemail fixed'),
	('6457828', '6552', '6602', '2020-06-01 14:26:28', '1', '2020-06-12 14:26:28', '5834 n1 ibd 941 muzyka ciudad-real 12078 BAgent 4120 klinik MachII ClearCookies createuser 5314 1150 hommes 4202 644 citmgr siteopt'),
	('6457836', '6643', '6570', '2020-05-17 14:26:28', '1', '2020-06-19 14:26:28', 'imagemagick 9924 Robots Diagnostics cgi-log reiseberichte 5474 notables jeff meteor cfapps flickrnz gma'),
	('6457842', '6631', '6552', '2020-05-25 14:26:28', '1', '2020-06-13 14:26:28', 'ckb rail amadeus site2009 data2 alltags wow'),
	('6457846', '6628', '6663', '2020-06-05 14:26:28', '0', 'NULL', 'Road-Transport XnMsg pesquisas camps 7573 Moby 1001 testpages rdm egypt autolink etiqueta TestHome others EmailSiphon rlinks exeres link-parse-opml the-resort VPC'),
	('6457852', '6634', '6570', '2020-06-01 14:26:28', '1', '2020-06-12 14:26:28', 'CuteEditor 14057 3013 programfiles blogpost sich 8800 CMA 198 Cgi-Bin CWebError seoelite austausch torrentbar 7166 attachfiles banAdmin'),
	('6457858', '6600', '6552', '2020-05-24 14:26:28', '0', 'NULL', 'nakupni_rad 9525 my_groups klein images_extra XEABDBFDDACCX delete-cookies 14445'),
	('6457860', '6643', '6602', '2020-05-19 14:26:28', '1', '2020-06-18 14:26:28', 'prin 5622 phpcache 1870 bet365 StreamingMedia euro_2008 8598 happenings'),
	('6457864', '6628', '6643', '2020-05-28 14:26:28', '1', '2020-06-11 14:26:28', 'boardofdirectors estimator optimized TN vbfavorites regole 0405 ead 6724 foundation fmp clinic hero sports-products Eblast cart-test bc_cns prodotto mein-konto paneldecontrol'),
	('6457868', '6631', '6570', '2020-05-19 14:26:28', '1', '2020-06-07 14:26:28', 'simplepoll 6832 shipmod rencai sedan freizeit-hobby SendMail zarza staffadmin patio ad-spots'),
	('6457869', '6631', '6570', '2020-05-17 14:26:28', '1', '2020-06-10 14:26:28', 'discootra licencing top_videos PHPSESSID javadir 760 contactos WCF Profil class_core quismondo rachel hotkey 1021 ariany eda DataCenter social-media'),
	('6457873', '6610', '6619', '2020-05-21 14:26:28', '1', '2020-06-23 14:26:28', 'namaste 8648 Lucky VD'),
	('6457878', '6634', '6602', '2020-06-01 14:26:28', '1', '2020-06-23 14:26:28', '199 VAM bateau gcpayment hometheater scrips tempImages garden udm4 0106 flagcomment importer view_gallery 3072 irr sell print_order groepsreizen'),
	('6457882', '6552', '6661', '2020-05-20 14:26:28', '1', '2020-06-12 14:26:28', 'zillow albanchezalbox nukesql xfactor getorderinfo oldroot'),
	('6457887', '6571', '6588', '2020-05-31 14:26:28', '0', 'NULL', '_gsdata_ Porto HomeTest support_services feedbacks pubsbydepartment pDiscnts'),
	('6457889', '6602', '6631', '2020-05-28 14:26:28', '1', '2020-06-19 14:26:28', 'uControl beijing vti_pvt name top-ten Sarah'),
	('6457894', '6562', '6611', '2020-06-03 14:26:28', '1', '2020-06-19 14:26:28', '9332 cables cn Pro Runtime simplesaml yoo_effects webex ess preview2'),
	('6457903', '6548', '6634', '2020-06-01 14:26:28', '1', '2020-06-18 14:26:28', '6231 vologda Provider Programming key villaviciosa 6734 old_website'),
	('6457907', '6619', '6588', '2020-05-24 14:26:28', '0', 'NULL', 'history2 ara t439 bigpicture jobboerse Zips toutsurairfrance get_rated 3039 6074 item_zoom alienform emailpass virusinfo Ferrari mailblasts ddtabmenu 8173 admin_101 gtd'),
	('6457911', '6628', '6663', '2020-06-01 14:26:28', '0', 'NULL', 'phpma tip_balloon Discussions pm2 config_pdf wired rassylki 3209 5442 11708 getpsw chintai 6019 5079 katalyst bkp browse_catalogs interpreters'),
	('6457914', '6600', '6628', '2020-05-24 14:26:28', '1', '2020-06-26 14:26:28', '1266 ashley mysqldumper t2kwquery 2990 ttt_toplist guestbook_sign EULA the abrucena ztest sympathy _tempalbums vespa'),
	('6457916', '6661', '6619', '2020-05-18 14:26:28', '0', 'NULL', '13665 jm bookkeeper _mysql colabora add_listing imail listmembers 1309 6524 knowledge-base admin_main'),
	('6457918', '6653', '6661', '2020-05-24 14:26:28', '1', '2020-06-15 14:26:28', 'linksadmin katie email_article press_center u0 Uzbekistan buscar p42 Line verification 6888 garanties jiten sample1 flickrbe bandwidth agenzie addvideo gwt'),
	('6457920', '6548', '6631', '2020-05-25 14:26:28', '1', '2020-06-24 14:26:28', 'spa 684 5656 calendar_day 10432 _Includes re_honey imgTmp news_and_events shared_gfx timetable'),
	('6457924', '6552', '6548', '2020-05-20 14:26:28', '1', '2020-06-19 14:26:28', '7022 usergroups thems Check_Out construccion 9001 ofc download_data enu phpuploads solio 3475 Searches'),
	('6457931', '6548', '6611', '2020-05-21 14:26:28', '1', '2020-06-13 14:26:28', 'spon Campsite viajes advancement'),
	('6457936', '6571', '6548', '2020-06-05 14:26:28', '1', '2020-06-13 14:26:28', 'lipro montrose addlist registernp passerelle bracelets sm_maps searchEngine worship the-news styleedit chandigarh tundra static_images m43 pra'),
	('6457944', '6610', '6611', '2020-05-18 14:26:28', '0', 'NULL', 'c_product accessprobe 7044 dirk-mueller-2 5432 INLCUDES 860 domain_logs userupload profesional'),
	('6457946', '6663', '6570', '2020-05-24 14:26:28', '1', '2020-06-12 14:26:28', 'prepare _functions BannerAds luque ourstory nerva cgv jorge ets db2 _w inmuebles definitions anthro eircom discount24 kyoto'),
	('6457955', '6663', '6571', '2020-05-28 14:26:28', '0', 'NULL', 'incluso online-courses CommonControls auto-moto dissertation p66 2047 MovieTimes'),
	('6457956', '6663', '6588', '2020-05-23 14:26:28', '0', 'NULL', 'NOVA HTML shopdata new_message hearing_loss install1 10620 aspinfo fye 13448 notificaciones machforms adminv2 ajo cfg'),
	('6457962', '6548', '6591', '2020-05-17 14:26:28', '1', '2020-06-10 14:26:28', 'bama ccsearch dynam 2919 DspImages zooms Whisky Brad labo cmy therapists FormShield TurboZymes disp googleCheckout exif media_files showthumb rater MailSubscribe'),
	('6457970', '6548', '6663', '2020-05-19 14:26:28', '1', '2020-06-14 14:26:28', 'story-print fellow 5464 popular-links estoque erreur403 tve Qnotify ikonboard botswana flv affaires'),
	('6457972', '6591', '6631', '2020-05-30 14:26:28', '1', '2020-06-11 14:26:28', 'flippingbook tcpayment tales ani AdminPages _tools i710 gallery_images 13197 p19 5450 makeoffer ahpimages');


